Country,Year,Metric,Value,Zscore
Ghana,2024,debt_pct_gdp,0.1112327782301636,-2.1662970945274087
Nigeria,2024,debt_pct_gdp,1.2228951317170063,2.30382529869125
Togo,1994,debt_pct_gdp,0.9414443797320908,2.1788257257241677
Egypt,2016,deficit_pct_gdp,-0.211060595603713,-2.2694402103178746
Togo,1993,deficit_pct_gdp,-0.0952313520019825,-2.3394109085690813
